airportid,name,city,country,iata,icao,latitude,longitude,altitude,timezone,dst,tz_database_time,zone,type,source
11743,La Grande-4 Airport,La Grande-4,Canada,YAH,CYAH,53.75469971,-73.6753006,1005,,,,airport,OurAirports,
11744,Alert Bay Airport,Alert Bay,Canada,YAL,CYAL,50.5821991,-126.9160004,240,,,,airport,OurAirports,
11745,Liverpool South Shore Regional Airport,Liverpool,Canada,,CYAU,44.2303009,-64.85610199,321,,,,airport,OurAirports,
11747,Nipawin Airport,Nipawin,Canada,,CYBU,53.33250046,-104.0080032,1220,,,,airport,OurAirports,
11748,Centralia / James T. Field Memorial Aerodrome,Centralia,Canada,YCE,CYCE,43.285599,-81.508301,824,,,,airport,OurAirports,
11749,Blue River Airport,Blue River,Canada,,CYCP,52.11669922,-119.2829971,2240,,,,airport,OurAirports,
11750,Chetwynd Airport,Chetwynd,Canada,YCQ,CYCQ,55.68719864,-121.6269989,2000,,,,airport,OurAirports,
11751,Ross River Airport,Ross River,Canada,XRR,CYDM,61.97060013,-132.4230042,2314,,,,airport,OurAirports,
11752,Dolbeau St Felicien Airport,Dolbeau-St-Félicien,Canada,YDO,CYDO,48.7784996,-72.375,372,,,,airport,OurAirports,
11753,Amos/Magny Airport,Amos,Canada,YEY,CYEY,48.563903,-78.249702,1068,,,,airport,OurAirports,
11754,Goderich Airport,Goderich,Canada,,CYGD,43.76689911,-81.71060181,712,,,,airport,OurAirports,
11755,Hope Airport,Hope,Canada,YHE,CYHE,49.36830139,-121.4980011,128,,,,airport,OurAirports,
11756,Haines Junction Airport,Haines Junction,Canada,YHT,CYHT,60.78919983,-137.5460052,2150,,,,airport,OurAirports,
11757,Digby / Annapolis Regional Airport,Digby,Canada,YDG,CYID,44.54584504,-65.78542471,499,,,,airport,OurAirports,
11758,Fort Liard Airport,Fort Liard,Canada,YJF,CYJF,60.2358017,-123.4690018,708,,,,airport,OurAirports,
11759,Key Lake Airport,Key Lake,Canada,YKJ,CYKJ,57.2560997,-105.6179962,1679,,,,airport,OurAirports,
11760,Leaf Rapids Airport,Leaf Rapids,Canada,YLR,CYLR,56.51330185,-99.98529816,959,,,,airport,OurAirports,
11761,Matane Airport,Matane,Canada,YME,CYME,48.85689926,-67.45330048,102,,,,airport,OurAirports,
11762,Charlevoix Airport,Charlevoix,Canada,YML,CYML,47.59749985,-70.22389984,977,,,,airport,OurAirports,
11763,Nejanilini Lake Airport,Nejanilini Lake,Canada,,CYNN,59.48749924,-97.78029633,1000,,,,airport,OurAirports,
11764,Owen Sound / Billy Bishop Regional Airport,Owen Sound,Canada,YOS,CYOS,44.59030151,-80.83750153,1007,,,,airport,OurAirports,
11765,Port Hawkesbury Airport,Port Hawkesbury,Canada,YPS,CYPD,45.65670013,-61.36809921,377,,,,airport,OurAirports,
11766,St Thomas Municipal Airport,St Thomas,Canada,YQS,CYQS,42.77000046,-81.1108017,778,,,,airport,OurAirports,
11767,Ottawa / Rockcliffe Airport,Ottawa,Canada,YRO,CYRO,45.46030045,-75.64610291,188,,,,airport,OurAirports,
11768,Ottawa / Carp Airport,Ottawa,Canada,,CYRP,45.31919861,-76.02220154,382,,,,airport,OurAirports,
11769,Smiths Falls-Montague (Russ Beach) Airport,Smiths Falls,Canada,YSH,CYSH,44.94580078,-75.94059753,416,,,,airport,OurAirports,
11770,St Leonard Airport,St Leonard,Canada,YSL,CYSL,47.15750122,-67.83470154,793,,,,airport,OurAirports,
11771,Virden/R.J. (Bob) Andrew Field Regional Aerodrome,Virden,Canada,,CYVD,49.87829971,-100.9179993,1454,,,,airport,OurAirports,
11772,Vernon Airport,Vernon,Canada,YVE,CYVK,50.24810028,-119.3310013,1140,,,,airport,OurAirports,
11773,Beaver Creek Airport,Beaver Creek,Canada,YXQ,CYXQ,62.41030121,-140.8670044,2131,,,,airport,OurAirports,
11774,Shuswap Regional Airport,Salmon Arm,Canada,YSN,CZAM,50.682802,-119.228996,1751,,,,airport,OurAirports,
11775,Kelsey Airport,Kelsey,Canada,KES,CZEE,56.03749847,-96.50969696,600,,,,airport,OurAirports,
11776,Pukatawagan Airport,Pukatawagan,Canada,XPK,CZFG,55.74919891,-101.2659988,958,,,,airport,OurAirports,
11777,Grand Forks Airport,Grand Forks,Canada,ZGF,CZGF,49.0155983,-118.4309998,1720,,,,airport,OurAirports,
11778,Jenpeg Airport,Jenpeg,Canada,ZJG,CZJG,54.51890182,-98.0460968,729,,,,airport,OurAirports,
11779,Thicket Portage Airport,Thicket Portage,Canada,YTD,CZLQ,55.31890106,-97.70780182,678,,,,airport,OurAirports,
11780,Pikwitonei Airport,Pikwitonei,Canada,PIW,CZMN,55.58890152,-97.16419983,630,,,,airport,OurAirports,
11781,Poplar River Airport,Poplar River,Canada,XPP,CZNG,52.99652588,-97.27419376,728,,,,airport,OurAirports,
11782,Pincher Creek Airport,Pincher Creek,Canada,WPC,CZPC,49.52059937,-113.9970016,3903,,,,airport,OurAirports,
11783,Stewart Airport,Stewart,Canada,ZST,CZST,55.93541045,-129.9824345,24,,,,airport,OurAirports,
11784,Ignace Municipal Airport,Ignace,Canada,ZUC,CZUC,49.42969894,-91.71779633,1435,,,,airport,OurAirports,
11785,Neubrandenburg Airport,Neubrandenburg,Germany,FNB,EDBN,53.6022,13.306,228,,,,airport,OurAirports,
11786,Airport Bamberg-Breitenau,Bamberg,Germany,,EDQA,49.920403,10.914233,811,,,,airport,OurAirports,
11787,Zerbst Airport,Zerbst/Anhalt,Germany,,EDUZ,52.000832,12.148611,289,,,,airport,OurAirports,
11788,RAF Spadeadam,Spadeadam,United Kingdom,,EGOM,55.04999924,-2.549999952,1066,,,,airport,OurAirports,
11789,RAF Kinloss,Kinloss,United Kingdom,FSS,EGQK,57.6493988,-3.560640097,22,,,,airport,OurAirports,
11790,Biała Podlaska Airfield,Biała Podlaska,Poland,BXP,EPBP,52.00078,23.1325278,485,,,,airport,OurAirports,
11791,Cewice Air Base,Lębork,Poland,,EPCE,54.416,17.7633,495,,,,airport,OurAirports,
11792,Deblin Military Air Base,Dęblin,Poland,,EPDE,51.55139923,21.89360046,392,,,,airport,OurAirports,
11793,Leczyca Military Air Base,Leczyca,Poland,,EPLY,52.00469971,19.14559937,377,,,,airport,OurAirports,
11794,Minsk Mazowiecki Military Air Base,,Poland,,EPMM,52.19549942,21.65589905,604,,,,airport,OurAirports,
11795,Powidz Military Air Base,,Poland,,EPPW,52.379398,17.853901,371,,,,airport,OurAirports,
11796,Tomaszow Mazowiecki Military Air Base,Tomaszów Mazowiecki,Poland,,EPTM,51.58440018,20.0977993,571,,,,airport,OurAirports,
11797,Björkvik Air Base,Björkvik,Sweden,,ESKX,58.79079819,16.57119942,0,,,,airport,OurAirports,
11798,Ljungbyhed Airport,Ljungbyhed,Sweden,,ESTL,56.08280182,13.21249962,140,,,,airport,OurAirports,
11799,Daugavpils Intrenational Airport,Daugavpils,Latvia,DGP,EVDA,55.94472122,26.66500092,398,,,,airport,OurAirports,
11800,Jēkabpils Air Base,Jēkabpils,Latvia,,EVKA,56.534698,25.8925,289,,,,airport,OurAirports,
11801,Jūrmala Airport,Tukums,Latvia,,EVTA,56.9422,23.2239,220,,,,airport,OurAirports,
11802,Kėdainiai Air Base,Kėdainiai,Lithuania,,EYKD,55.31169891,23.95639992,171,,,,airport,OurAirports,
11803,Lime Acres Finsch Mine Airport,Lime Acres,South Africa,LMR,FALC,-28.36009979,23.43910027,4900,,,,airport,OurAirports,
11804,Sua Pan Airport,Sowa,Botswana,SXN,FBSN,-20.5534,26.115801,2985,,,,airport,OurAirports,
11805,Lusaka City Airport,Lusaka,Zambia,,FLLC,-15.41380024,28.33069992,4200,,,,airport,OurAirports,
11806,Sumbe Airport,Sumbe,Angola,NDD,FNSU,-11.16790009,13.84749985,36,,,,airport,OurAirports,
11807,Mangochi Airport,Mangochi,Malawi,MAI,FWMG,-14.4829998,35.26699829,1580,,,,airport,OurAirports,
11808,Arandis Airport,Arandis,Namibia,ADI,FYAR,-22.46220016,14.97999954,1905,,,,airport,OurAirports,
11809,Mariental Airport,Mariental,Namibia,,FYML,-24.60540009,17.92539978,3650,,,,airport,OurAirports,
11810,Almaza Air Force Base,Cairo,Egypt,,HEAZ,30.09180069,31.36000061,300,,,,airport,OurAirports,
11811,Beni Suef Air Base,Beni Suef,Egypt,,HEBS,29.20829964,31.01659966,108,,,,airport,OurAirports,
11812,Jiyanklis Air Base,Jiyanklis,Egypt,,HEGS,30.81979942,30.19120026,49,,,,airport,OurAirports,
11813,Merowe New Airport,Merowe,Sudan,MWE,HSMN,18.44333333,31.84333333,897,,,,airport,OurAirports,
11814,St Louis Regional Airport,Alton/St Louis,United States,ALN,KALN,38.89030075,-90.04599762,544,,,,airport,OurAirports,
11815,Chandler Field,Alexandria,United States,AXN,KAXN,45.86629868,-95.3946991,1425,,,,airport,OurAirports,
11816,Columbus Municipal Airport,Columbus,United States,CLU,KBAK,39.26190186,-85.89630127,656,,,,airport,OurAirports,
11817,Curtis Field,Brady,United States,BBD,KBBD,31.17930031,-99.32389832,1827,,,,airport,OurAirports,
11818,Eastern Sierra Regional Airport,Bishop,United States,BIH,KBIH,37.37310028,-118.3639984,4124,,,,airport,OurAirports,
11819,Baker City Municipal Airport,Baker City,United States,BKE,KBKE,44.83729935,-117.8089981,3373,,,,airport,OurAirports,
11820,Miley Memorial Field,Big Piney,United States,BPI,KBPI,42.58509827,-110.1110001,6990,,,,airport,OurAirports,
11821,Ozark Regional Airport,Mountain Home,United States,WMH,KBPK,36.3689003,-92.47049713,928,,,,airport,OurAirports,
11822,W K Kellogg Airport,Battle Creek,United States,BTL,KBTL,42.30730057,-85.25150299,952,,,,airport,OurAirports,
11823,Burley Municipal Airport,Burley,United States,BYI,KBYI,42.54259872,-113.7720032,4150,,,,airport,OurAirports,
11824,Northeast Iowa Regional Airport,Charles City,United States,CCY,KCCY,43.07260132,-92.6108017,1125,,,,airport,OurAirports,
11825,Chanute Martin Johnson Airport,Chanute,United States,CNU,KCNU,37.66880035,-95.48509979,1002,,,,airport,OurAirports,
11826,Jacksonville Executive at Craig Airport,Jacksonville,United States,CRG,KCRG,30.3362999,-81.51439667,41,,,,airport,OurAirports,
11827,Crossville Memorial Whitson Field,Crossville,United States,CSV,KCSV,35.95130157,-85.08499908,1881,,,,airport,OurAirports,
11828,Davison Army Air Field,Fort Belvoir,United States,DAA,KDAA,38.71500015,-77.18099976,73,,,,airport,OurAirports,
11829,Barstow Daggett Airport,Daggett,United States,DAG,KDAG,34.85369873,-116.7870026,1930,,,,airport,OurAirports,
11830,Deming Municipal Airport,Deming,United States,DMN,KDMN,32.26229858,-107.7210007,4314,,,,airport,OurAirports,
11831,Desert Rock Airport,Mercury,United States,DRA,KDRA,36.6194,-116.032997,3314,,,,airport,OurAirports,
11832,Needles Airport,Needles,United States,EED,KEED,34.7663002,-114.6230011,983,,,,airport,OurAirports,
11833,Duke Field,Crestview,United States,EGI,KEGI,30.65040016,-86.52290344,191,,,,airport,OurAirports,
11834,Murray Field,Eureka,United States,EKA,KEKA,40.80339813,-124.112999,7,,,,airport,OurAirports,
11835,San Marcos Regional Airport,San Marcos,United States,,KHYI,29.8927,-97.862999,597,,,,airport,OurAirports,
11836,Sawyer County Airport,Hayward,United States,HYR,KHYR,46.02519989,-91.44429779,1216,,,,airport,OurAirports,
11837,Kimble County Airport,Junction,United States,JCT,KJCT,30.51129913,-99.7634964,1749,,,,airport,OurAirports,
11838,Monticello Municipal Ellis Field,Monticello,United States,,KLLQ,33.6385994,-91.75099945,270,,,,airport,OurAirports,
11839,Derby Field,Lovelock,United States,LOL,KLOL,40.06639862,-118.5650024,3904,,,,airport,OurAirports,
11840,Mobridge Municipal Airport,Mobridge,United States,MBG,KMBG,45.54650116,-100.4079971,1716,,,,airport,OurAirports,
11841,Mc Comb/Pike County Airport/John E Lewis Field,Mc Comb,United States,MCB,KMCB,31.17849922,-90.47190094,413,,,,airport,OurAirports,
11842,Southern Illinois Airport,Carbondale/Murphysboro,United States,MDH,KMDH,37.77809906,-89.2519989,411,,,,airport,OurAirports,
11843,Mc Entire Joint National Guard Base,Eastover,United States,MMT,KMMT,33.92079926,-80.80130005,254,,,,airport,OurAirports,
11844,Brunswick Executive Airport,Brunswick,United States,NHZ,KNHZ,43.89220047,-69.93859863,72,,,,airport,OurAirports,
11845,Naval Station Mayport (Admiral David L. Mcdonald Field),Mayport,United States,NRB,KNRB,30.39109993,-81.42469788,15,,,,airport,OurAirports,
11846,Orangeburg Municipal Airport,Orangeburg,United States,OGB,KOGB,33.45679855,-80.85949707,195,,,,airport,OurAirports,
11847,Columbus Municipal Airport,Columbus,United States,,KOLU,41.44800186,-97.34259796,1447,,,,airport,OurAirports,
11848,Ottumwa Regional Airport,Ottumwa,United States,OTM,KOTM,41.10660172,-92.44789886,845,,,,airport,OurAirports,
11849,Cairns AAF (Fort Rucker) Air Field,Fort Rucker/Ozark,United States,OZR,KOZR,31.27569962,-85.71340179,301,,,,airport,OurAirports,
11850,Ralph Wenz Field,Pinedale,United States,PWY,KPNA,42.79550171,-109.8069992,7102,,,,airport,OurAirports,
11851,Dutchess County Airport,Poughkeepsie,United States,POU,KPOU,41.62659836,-73.88420105,165,,,,airport,OurAirports,
11852,New Richmond Regional Airport,New Richmond,United States,,KRNH,45.14830017,-92.5381012,998,,,,airport,OurAirports,
11853,Russell Municipal Airport,Russell,United States,RSL,KRSL,38.87210083,-98.8117981,1862,,,,airport,OurAirports,
11854,Redwood Falls Municipal Airport,Redwood Falls,United States,RWF,KRWF,44.54719925,-95.08229828,1024,,,,airport,OurAirports,
11855,Salinas Municipal Airport,Salinas,United States,SNS,KSNS,36.66279984,-121.6060028,85,,,,airport,OurAirports,
11856,Sonora Municipal Airport,Sonora,United States,,KSOA,30.58569908,-100.6490021,2140,,,,airport,OurAirports,
11857,Saline County Regional Airport,Benton,United States,,KSUZ,34.59059906,-92.47940063,390,,,,airport,OurAirports,
11858,Tonopah Airport,Tonopah,United States,TPH,KTPH,38.06019974,-117.086998,5430,,,,airport,OurAirports,
11859,Aurora State Airport,Aurora,United States,,KUAO,45.24710083,-122.7699966,200,,,,airport,OurAirports,
11860,Ukiah Municipal Airport,Ukiah,United States,UKI,KUKI,39.12599945,-123.2009964,614,,,,airport,OurAirports,
11861,University Oxford Airport,Oxford,United States,UOX,KUOX,34.38430023,-89.53679657,452,,,,airport,OurAirports,
11862,Huntsville Regional Airport,Huntsville,United States,HTV,KUTS,30.74690056,-95.58719635,363,,,,airport,OurAirports,
11863,Miller Field,Valentine,United States,VTN,KVTN,42.85779953,-100.5479965,2596,,,,airport,OurAirports,
11864,Winnemucca Municipal Airport,Winnemucca,United States,WMC,KWMC,40.89659882,-117.8059998,4308,,,,airport,OurAirports,
11865,West Woodward Airport,Woodward,United States,WWR,KWWR,36.438,-99.5226667,2189,,,,airport,OurAirports,
11866,Cape Canaveral AFS Skid Strip,Cocoa Beach,United States,,KXMR,28.46759987,-80.56659698,10,,,,airport,OurAirports,
11867,Homey (Area 51) Airport,Groom Lake,United States,,KXTA,37.23500061,-115.810997,4462,,,,airport,OurAirports,
11868,Zanesville Municipal Airport,Zanesville,United States,ZZV,KZZV,39.94440079,-81.89209747,900,,,,airport,OurAirports,
11869,Gjadër Air Base,Gjadër,Albania,,LAGJ,41.895199,19.5987,23,,,,airport,OurAirports,
11870,Kukës Airport,Kukës,Albania,,LAKU,42.03369904,20.41589928,1120,,,,airport,OurAirports,
11871,Kuçovë Air Base,Kuçovë,Albania,,LAKV,40.77190018,19.90189934,135,,,,airport,OurAirports,
11872,Vlorë Air Base,Vlorë,Albania,,LAVL,40.47610092,19.4741993,3,,,,airport,OurAirports,
11873,Haskovo Malevo Airport,Haskovo,Bulgaria,,LBHS,41.976398,25.5898,160,,,,airport,OurAirports,
11874,Gabrovnitsa Air Base,Gabrovnitsa,Bulgaria,,LBMG,43.54430008,23.27249908,626,,,,airport,OurAirports,
11875,Graf Ignatievo Air Base,Graf Ignatievo,Bulgaria,,LBPG,42.29040146,24.7140007,190,,,,airport,OurAirports,
11876,Dolna Mitropoliya Air Base,Dolna Mitropoliya,Bulgaria,,LBPL,43.451401,24.5028,330,,,,airport,OurAirports,
11877,Balchik Air Base,Balchik,Bulgaria,,LBWB,43.42380142,28.18129921,660,,,,airport,OurAirports,
11878,Cuatro Vientos Airport,Madrid,Spain,ECV,LECU,40.370701,-3.78514,2269,,,,airport,OurAirports,
11879,Castellón-Costa Azahar Airport,Castellón de la Plana,Spain,CDT,LEDS,40.213889,0.073333,1145,,,,airport,OurAirports,
11880,Teruel Airport,Teruel,Spain,TEV,LETL,40.403,-1.2183,3380,,,,airport,OurAirports,
11881,Blois-Le Breuil Airport,Blois/Le Breuil,France,,LFOQ,47.678502,1.20884,398,,,,airport,OurAirports,
11882,Trento-Mattarello Airport,Trento (TN),Italy,,LIDT,46.0214,11.1242,610,,,,airport,OurAirports,
11883,Alessandria Airport,Alessandria,Italy,,LILA,44.925201,8.62513,299,,,,airport,OurAirports,
11884,Biella-Cerrione Airport,Biella (BI),Italy,,LILE,45.4953,8.10278,920,,,,airport,OurAirports,
11885,Vercelli Airport,Vercelli,Italy,,LILI,45.310233,8.417935,417,,,,airport,OurAirports,
11886,Casale Monferrato Airport,Casale Monferrato,Italy,,LILM,45.111198,8.45603,377,,,,airport,OurAirports,
11887,Varese-Venegono Airport,Varese,Italy,,LILN,45.742199,8.888233,1050,,,,airport,OurAirports,
11888,Novi Ligure Airport,Novi Ligure,Italy,,LIMR,44.779999,8.78639,607,,,,airport,OurAirports,
11889,Sarzana-Luni Air Base,Sarzana (SP),Italy,QLP,LIQW,44.088001,9.98795,45,,,,airport,OurAirports,
11890,Câmpia Turzii Air Base,Câmpia Turzii,Romania,,LRCT,46.50230026,23.8859005,1083,,,,airport,OurAirports,
11891,Mărculeşti International Airport,Mărculeşti,Moldova,,LUBM,47.86270142,28.21279907,312,,,,airport,OurAirports,
11892,Cahul International Airport,Cahul,Moldova,,LUCH,45.84379959,28.26370049,652,,,,airport,OurAirports,
11893,Tiraspol Airport,Tiraspol,Moldova,,LUTR,46.86809921,29.59059906,141,,,,airport,OurAirports,
11894,Batajnica Air Base,Batajnica,Serbia,BJY,LYBT,44.935299,20.2575,265,,,,airport,OurAirports,
11895,Rubelsanto Airport,Rubelsanto,Guatemala,RUV,MGRB,15.99199963,-90.44529724,426,,,,airport,OurAirports,
11896,Coronel Enrique Soto Cano Air Base,Comayagua,Honduras,XPL,MHSC,14.3824,-87.621201,2061,,,,airport,OurAirports,
11897,Upala Airport,Upala,Costa Rica,UPL,MRUP,10.8922,-85.016197,184,,,,airport,OurAirports,
11898,San Nicolas De Bari Airport,San Nicolás,Cuba,QSN,MUNB,22.7560997,-81.92089844,49,,,,airport,OurAirports,
11899,San Julian Air Base,Pinar Del Rio,Cuba,SNJ,MUSJ,22.09530067,-84.15200043,98,,,,airport,OurAirports,
11900,King Salman Abdulaziz Airport,,Saudi Arabia,DWD,OEDM,24.4499,44.121201,3026,,,,airport,OurAirports,
11901,King Khaled Air Base,,Saudi Arabia,KMX,OEKM,18.29730034,42.80350113,6778,,,,airport,OurAirports,
11902,Riyadh Air Base,Riyadh,Saudi Arabia,XXN,OERY,24.70980072,46.72520065,2082,,,,airport,OurAirports,
11903,Jam Airport,Kangan,Iran,KNR,OIBJ,27.82049942,52.35219955,2173,,,,airport,OurAirports,
11904,Hamadan Air Base,Hamadan,Iran,,OIHS,35.21160126,48.65340042,5609,,,,airport,OurAirports,
11905,Payam International Airport,Karaj,Iran,PYK,OIIP,35.77610016,50.8266983,4170,,,,airport,OurAirports,
11906,Ahmed Al Jaber Air Base,Ahmed Al Jaber AB,Kuwait,XIJ,OKAJ,28.93479919,47.79190063,409,,,,airport,OurAirports,
11907,Rayak Air Base,Rayak,Lebanon,,OLRA,33.85079956,35.98770142,3018,,,,airport,OurAirports,
11908,Mirpur Khas Air Base,Mirpur Khas,Pakistan,,OPMK,25.682501,69.0728,180,,,,airport,OurAirports,
11909,Minhas Air Base,Kamra,Pakistan,ATG,OPMS,33.86909866,72.40090179,1023,,,,airport,OurAirports,
11910,Rafiqui Air Base,Shorkot,Pakistan,,OPRQ,30.75810051,72.28250122,492,,,,airport,OurAirports,
11911,Faisal Air Base,Karachi,Pakistan,,OPSF,24.87420082,67.11849976,29,,,,airport,OurAirports,
11912,Mushaf Air Base,Sargodha,Pakistan,SGI,OPSR,32.04859924,72.66500092,614,,,,airport,OurAirports,
11913,Qayyarah West Airport,Qayyarah,Iraq,RQW,ORQW,35.76720047,43.12509918,749,,,,airport,OurAirports,
11914,Al Sahra Army Air Field,Tikrit,Iraq,,ORSH,34.6731987,43.54299927,451,,,,airport,OurAirports,
11915,Tall Afar Army Air Field,Tall Afar,Iraq,,ORTF,36.28310013,42.40299988,996,,,,airport,OurAirports,
11916,Al Taji Army Air Field,Taji,Iraq,,ORTI,33.52389908,44.25669861,121,,,,airport,OurAirports,
11917,Ubaydah Bin Al Jarrah Airport,Al Cut,Iraq,,ORUB,32.48199844,45.75709915,68,,,,airport,OurAirports,
11918,Nenana Municipal Airport,Nenana,United States,ENN,PANN,64.54730225,-149.0740051,362,,,,airport,OurAirports,
11919,Wasilla Airport,Wasilla,United States,WWA,PAWS,61.57170105,-149.5399933,354,,,,airport,OurAirports,
11920,Gangshan Air Force Base,Gangshan,Taiwan,,RCAY,22.78249931,120.2630005,34,,,,airport,OurAirports,
11921,Asahikawa Airfield,,Japan,,RJCA,43.794734,142.365432,377,,,,airport,OurAirports,
11922,Iwakuni Marine Corps Air Station,Iwakuni,Japan,IWK,RJOI,34.143902,132.235992,7,,,,airport,OurAirports,
11923,Utsunomiya Airport,,Japan,,RJTU,36.5145,139.87101,334,,,,airport,OurAirports,
11924,Jungwon Air Base/Chungju Airport,,South Korea,,RKTI,37.03024,127.886353,281,,,,airport,OurAirports,
11925,Ie Jima Airport,Ie,Japan,IEJ,RORE,26.72200012,127.7850037,246,,,,airport,OurAirports,
11926,Allah Valley Airport,Surallah,Philippines,AAV,RPMA,6.366819859,124.7509995,659,,,,airport,OurAirports,
11927,Bislig Airport,,Philippines,BPH,RPMF,8.195949554,126.3219986,12,,,,airport,OurAirports,
11928,Mati National Airport,,Philippines,MXI,RPMQ,6.949091,126.27368,156,,,,airport,OurAirports,
11929,Presidente Néstor Kirchner Regionsl Airport,Villa Maria,Argentina,,SAOV,-32.3201,-63.22663,670,,,,airport,OurAirports,
11930,Chafei Amsei Airport,Barretos,Brazil,BAT,SBBT,-20.58449936,-48.59410095,1898,,,,airport,OurAirports,
11931,Base de Aviação de Taubaté Airport,Taubaté,Brazil,QHP,SBTA,-23.0401001,-45.51599884,1908,,,,airport,OurAirports,
11932,Barriles Airport,Tocopilla,Chile,TOQ,SCBE,-22.14109993,-70.06289673,3475,,,,airport,OurAirports,
11933,Schroeder's field,Cochrane,Chile,,SCHR,35.071718,-91.738801,0,,,,airport,OurAirports,
11934,Chañaral Airport,Chañaral,Chile,CNR,SCRA,-26.33250046,-70.6072998,97,,,,airport,OurAirports,
11935,Panguilemo Airport,Talca,Chile,TLX,SCTL,-35.37779999,-71.60169983,371,,,,airport,OurAirports,
11936,Victoria Airport,Victoria,Chile,ZIC,SCTO,-38.24560165,-72.34860229,1148,,,,airport,OurAirports,
11937,Las Breas Airport,Taltal,Chile,TTC,SCTT,-25.56430054,-70.37590027,2580,,,,airport,OurAirports,
11938,Gomez Nino Apiay Air Base,Apiay,Colombia,API,SKAP,4.07607,-73.5627,1207,,,,airport,OurAirports,
11939,Coveñas Airport,Coveñas,Colombia,CVE,SKCV,9.40092,-75.6913,31,,,,airport,OurAirports,
11940,German Olano Air Base,La Dorada,Colombia,PAL,SKPQ,5.48361,-74.6574,566,,,,airport,OurAirports,
11941,Paz De Ariporo Airport,Paz De Ariporo,Colombia,PZA,SKPZ,5.87615,-71.8866,900,,,,airport,OurAirports,
11942,Tunja Airport,Tunja,Colombia,,SKTJ,5.54138,-73.3445,8940,,,,airport,OurAirports,
11943,Tres Esquinas Air Base,Tres Esquinas,Colombia,TQS,SKTQ,0.7459,-75.234,585,,,,airport,OurAirports,
11944,Marandúa Air Base,Marandúa,Colombia,,SKUA,5.52448,-68.6856,285,,,,airport,OurAirports,
11945,Juan Simons Vela Airport,Rioja,Peru,RIJ,SPJA,-6.067860126,-77.16000366,2707,,,,airport,OurAirports,
11946,Shumba Airport,Jaén,Peru,JAE,SPJE,-5.59248,-78.774002,2477,,,,airport,OurAirports,
11947,Metropolitano Airport,,Venezuela,,SVMP,10.13316917,-66.78782654,574,,,,airport,OurAirports,
11948,Issyk-Kul International Airport,Tamchy,Kyrgyzstan,IKU,UAFL,42.58792,76.713046,5425,,,,airport,OurAirports,
11949,Kant Air Base,Kant,Kyrgyzstan,,UAFW,42.85319901,74.84649658,2549,,,,airport,OurAirports,
11950,Ayaguz Airport,Ayaguz,Kazakhstan,,UASA,47.91859818,80.45279694,2119,,,,airport,OurAirports,
11951,Chelkar Airport,Chelkar,Kazakhstan,,UATR,47.90499878,59.61999893,0,,,,airport,OurAirports,
11952,Kyzyl-Syr Airport,Kyzyl-Syr,Russia,,UENK,63.88499832,122.7770004,331,,,,airport,OurAirports,
11953,Vilyuisk Airport,Vilyuisk,Russia,VYI,UENW,63.75666809,121.6933365,361,,,,airport,OurAirports,
11954,Belaya Gora Airport,,Russia,BGN,UESG,68.556602,146.231506,118,,,,airport,OurAirports,
11955,Dzhermuk Airport,Dzhermuk,Armenia,,UGEJ,39.82400131,45.67399979,0,,,,airport,OurAirports,
11956,Kamenny Ruchey Naval Air Base,Sovetskaya Gavan,Russia,,UHKG,49.23570251,140.1931,659,,,,airport,OurAirports,
11957,Maygatka Airport.,Sovetskaya Gavan,Russia,GVN,UHKM,48.92699814,140.0339966,768,,,,airport,OurAirports,
11958,Omsukchan Airport,Omsukchan,Russia,,UHMF,62.45700073,155.7449951,1732,,,,airport,OurAirports,
11959,Chaybukha Airport,Chaybukha,Russia,,UHMG,61.83499908,160.5480042,207,,,,airport,OurAirports,
11960,Keperveem Airport,Keperveem,Russia,,UHMK,67.84500122,166.1399994,623,,,,airport,OurAirports,
11961,Magadan-13 Airport,Magadan,Russia,,UHMT,59.62329865,150.9219971,164,,,,airport,OurAirports,
11962,Nikolayevsk-na-Amure Airport,Nikolayevsk-na-Amure Airport,Russia,NLI,UHNN,53.154999,140.649994,170,,,,airport,OurAirports,
11963,Palana Airport,Palana,Russia,,UHPL,59.08169937,159.8880005,112,,,,airport,OurAirports,
11964,Zheleznogorsk Airport,Zheleznogorsk-Ilimsky,Russia,,UIBV,56.48770142,104.1060028,1946,,,,airport,OurAirports,
11965,Gvardeyskoe Air Base,Sarabuz,Ukraine,,UKFG,45.11500168,33.97700119,721,,,,airport,OurAirports,
11966,Saki Air Base,Saki,Ukraine,,UKFI,45.0929985,33.59500122,36,,,,airport,OurAirports,
11967,Dzhankoy Airport,Dzhankoy,Ukraine,,UKFY,45.70090103,34.41889954,75,,,,airport,OurAirports,
11968,Ozerne Air Base,Zhytomyr,Ukraine,,UKKO,50.158298,28.7383,761,,,,airport,OurAirports,
11969,Severomorsk-1 Naval Air Base,Severomorsk,Russia,,ULAK,69.03166962,33.41833115,239,,,,airport,OurAirports,
11970,Pushkin Airport,St. Petersburg,Russia,,ULLP,59.685001,30.338301,230,,,,airport,OurAirports,
11971,Siversky Air Base,Siversky,Russia,,ULLS,59.3567009,30.0366993,341,,,,airport,OurAirports,
11972,Staraya Russa Air Base,Staraya Russa,Russia,,ULNR,57.961399,31.384399,52,,,,airport,OurAirports,
11973,Peski Airport,Petrozavodsk,Russia,,ULPP,61.83194351,34.29555511,0,,,,airport,OurAirports,
11974,Baranavichi Air Base,Baranavichi,Belarus,,UMMA,53.09999847,26.04999924,0,,,,airport,OurAirports,
11975,Babruisk Air Base,Babruisk,Belarus,,UMNB,53.105,29.205,502,,,,airport,OurAirports,
11976,Severo-Eniseysk Airport,Severo-Eniseysk,Russia,,UNIS,60.37329865,93.01170349,1706,,,,airport,OurAirports,
11977,Sharypovo Airport,Sharypovo,Russia,,UNKO,55.45491409,89.17388153,1099,,,,airport,OurAirports,
11978,Omsk Severny Airport,Omsk,Russia,,UNOS,54.97499847,73.55500031,0,,,,airport,OurAirports,
11979,Nagurskoye,Murmansk,Russia,,UODN,80.803207,47.663586,59,,,,airport,OurAirports,
11980,Svetlogorsk Airport,Svetlogorsk,Russia,,UOIG,66.83999634,88.40333557,394,,,,airport,OurAirports,
11981,Valek Airport,Valek,Russia,,UOOW,69.39690399,88.35368347,108,,,,airport,OurAirports,
11982,Khanskaya Air Base,Maykop,Russia,,URKH,44.68,40.035,600,,,,airport,OurAirports,
11983,Dudinka Airport,Dudinka,Russia,,UROD,69.375,86.15666962,82,,,,airport,OurAirports,
11984,Volgodonsk Airport,,Russia,VLK,URRY,47.68209839,42.07279968,276,,,,airport,OurAirports,
11985,Tashkent East Airport,Tashkent,Uzbekistan,,UTTP,41.31269836,69.3914032,1574,,,,airport,OurAirports,
11986,Myachkovo Airport,Moscow,Russia,,UUBM,55.56000137,37.98500061,410,,,,airport,OurAirports,
11987,Tretyakovo Airport,Lukhovitsy,Russia,,UUMT,54.90499878,39.02666855,515,,,,airport,OurAirports,
11988,Yermolino Airport,Balabanovo,Russia,,UUWE,55.22833252,36.60833359,640,,,,airport,OurAirports,
11989,Inta Airport,Inta,Russia,INA,UUYI,66.05483246,60.11032104,184,,,,airport,OurAirports,
11990,Izhma Airport,Izhma,Russia,,UUYV,65.03170013,53.97000122,230,,,,airport,OurAirports,
11991,Borisoglebskoye Airport,Kazan,Russia,,UWKG,55.86669922,49.13330078,213,,,,airport,OurAirports,
11992,Zhigansk Airport,Zhigansk,Russia,ZIX,UWKV,66.79650116,123.3610001,292,,,,airport,OurAirports,
11993,Maksimovka Airport,Ufa,Russia,,UWUM,54.83000183,56.16830063,325,,,,airport,OurAirports,
11994,Buguruslan Severny Airport,Buguruslan,Russia,,UWWB,53.71839905,52.37189865,728,,,,airport,OurAirports,
11995,Bezymyanka Airfield,Samara,Russia,,UWWG,53.22000122,50.32500076,135,,,,airport,OurAirports,
11996,Ratnagiri Airport,,India,RTC,VARG,17.013599,73.327797,305,,,,airport,OurAirports,
11997,Hingurakgoda Air Force Base,Polonnaruwa Town,Sri Lanka,HIM,VCCH,8.04981,80.9814,170,,,,airport,OurAirports,
11998,Kazi Nazrul Islam Airport,Durgapur,India,RDP,VEDG,23.6225,87.243,300,,,,airport,OurAirports,
11999,Ambala Air Force Station,,India,,VIAM,30.36809921,76.8167038,909,,,,airport,OurAirports,
12000,Sirsa Air Force Station,,India,,VISA,29.56060028,75.00610352,650,,,,airport,OurAirports,
12001,Udhampur Air Force Station,,India,,VIUX,32.90219879,75.15619659,2066,,,,airport,OurAirports,
12002,Sri Sathya Sai Airport,Puttaparthi,India,PUT,VOPN,14.14929962,77.79109955,1558,,,,airport,OurAirports,
12003,Meiktila Air Base,Meiktila,Burma,,VYML,20.88640022,95.89279175,699,,,,airport,OurAirports,
12004,Changi Air Base (East),Singapore,Singapore,,WSAC,1.344140053,104.0090027,22,,,,airport,OurAirports,
12005,Soltsy-2 Air Base,Soltsy,Russia,,XLLL,58.139545,30.33042,266,,,,airport,OurAirports,
12006,Severomorsk-3 Naval Air Base,Severomorsk,Russia,,XLMV,68.866669,33.716667,564,,,,airport,OurAirports,
12007,Fedotovo Naval Air Base,Kipelovo,Russia,,XLWF,59.193031,39.129411,574,,,,airport,OurAirports,
12008,Lebyazhye Air Base,Kamyshin,Russia,,XRWL,50.2016983,45.20830154,381,,,,airport,OurAirports,
12009,Smolensk North Airport,Smolensk,Russia,LNX,XUBS,54.824,32.025,820,,,,airport,OurAirports,
12010,Rtishchevo Air Base,Rtishchevo,Russia,,XWPR,52.297317,43.7241,673,,,,airport,OurAirports,
12011,Alpha Airport,Alpha,Australia,ABH,YAPH,-23.646099,146.584,1255,,,,airport,OurAirports,
12012,Ararat Airport,,Australia,ARY,YARA,-37.30939865,142.9889984,1008,,,,airport,OurAirports,
12013,Benalla Airport,,Australia,BLN,YBLA,-36.55189896,146.0070038,569,,,,airport,OurAirports,
12014,Balranald Airport,,Australia,BZD,YBRN,-34.62360001,143.5780029,210,,,,airport,OurAirports,
12015,Brewarrina Airport,,Australia,BWQ,YBRW,-29.97389984,146.8170013,414,,,,airport,OurAirports,
12016,Cleve Airport,,Australia,CVC,YCEE,-33.70970154,136.5050049,589,,,,airport,OurAirports,
12017,Corowa Airport,,Australia,CWW,YCOR,-35.99470139,146.3569946,469,,,,airport,OurAirports,
12018,Corryong Airport,,Australia,CYG,YCRG,-36.18280029,147.8880005,963,,,,airport,OurAirports,
12019,Cootamundra Airport,,Australia,CMD,YCTM,-34.62390137,148.0279999,1110,,,,airport,OurAirports,
12020,Dirranbandi Airport,,Australia,DRN,YDBI,-28.5916996,148.2169952,567,,,,airport,OurAirports,
12021,Deniliquin Airport,Deniliquin,Australia,DNQ,YDLQ,-35.55939865,144.9459991,316,,,,airport,OurAirports,
12022,Dysart Airport,,Australia,DYA,YDYS,-22.62220001,148.3639984,670,,,,airport,OurAirports,
12023,Echuca Airport,,Australia,ECH,YECH,-36.15719986,144.7619934,323,,,,airport,OurAirports,
12024,Forbes Airport,Forbes,Australia,FRB,YFBS,-33.363602,147.934998,760,,,,airport,OurAirports,
12025,Gunnedah Airport,,Australia,GUH,YGDH,-30.96109962,150.2510071,863,,,,airport,OurAirports,
12026,Hay Airport,,Australia,HXX,YHAY,-34.53139877,144.8300018,305,,,,airport,OurAirports,
12027,Hopetoun Airport,,Australia,HTU,YHPN,-35.71530151,142.3600006,256,,,,airport,OurAirports,
12028,Kerang Airport,,Australia,KRA,YKER,-35.75139999,143.9389954,254,,,,airport,OurAirports,
12029,Kempsey Airport,,Australia,KPS,YKMP,-31.07439995,152.7700043,54,,,,airport,OurAirports,
12030,Kingaroy Airport,,Australia,KGY,YKRY,-26.5807991,151.8410034,1492,,,,airport,OurAirports,
12031,Latrobe Valley Airport,Morwell,Australia,TGN,YLTV,-38.207199,146.470001,180,,,,airport,OurAirports,
12032,Mareeba Airport,,Australia,MRG,YMBA,-17.06920052,145.4190063,1560,,,,airport,OurAirports,
12033,Ngukurr Airport,,Australia,RPM,YNGU,-14.72280025,134.746994,45,,,,airport,OurAirports,
12034,Narromine Airport,,Australia,QRM,YNRM,-32.21469879,148.2250061,782,,,,airport,OurAirports,
12035,Port Pirie Airport,,Australia,PPI,YPIR,-33.23889923,137.9949951,40,,,,airport,OurAirports,
12036,Smithton Airport,,Australia,SIO,YSMI,-40.83499908,145.0839996,31,,,,airport,OurAirports,
12037,Snake Bay Airport,,Australia,SNB,YSNB,-11.42280006,130.654007,173,,,,airport,OurAirports,
12038,Stawell Airport,,Australia,SWC,YSWL,-37.07170105,142.7409973,807,,,,airport,OurAirports,
12039,Tibooburra Airport,,Australia,TYB,YTIB,-29.4510994,142.0579987,584,,,,airport,OurAirports,
12040,Tumut Airport,,Australia,TUM,YTMU,-35.26279831,148.2409973,878,,,,airport,OurAirports,
12041,Wangaratta Airport,,Australia,WGT,YWGT,-36.41579819,146.3070068,504,,,,airport,OurAirports,
12042,Warracknabeal Airport,,Australia,WKB,YWKB,-36.32109833,142.4190063,397,,,,airport,OurAirports,
12043,Warren Airport,,Australia,QRR,YWRN,-31.73329926,147.8029938,669,,,,airport,OurAirports,
12044,West Sale Airport,Sale,Australia,SXE,YWSL,-38.090827,146.965335,72,,,,airport,OurAirports,
12045,West Wyalong Airport,West Wyalong,Australia,WWY,YWWL,-33.93719864,147.1909943,859,,,,airport,OurAirports,
12046,Young Airport,,Australia,NGA,YYNG,-34.25559998,148.2480011,1267,,,,airport,OurAirports,
12047,Guangzhou MR Air Base,Guanghua,China,LHK,ZHGH,32.38940048,111.6949997,0,,,,airport,OurAirports,
12048,Shiyan Wudangshan Airport,Shiyan,China,WDS,ZHSY,32.591667,110.907778,0,,,,airport,OurAirports,
12049,Sunchon Air Base,Sunchon,North Korea,,ZKSC,39.415699,125.894997,141,,,,airport,OurAirports,
12050,Huatugou Airport,Mengnai,China,HTT,ZLHX,38.201984,90.841495,2945,,,,airport,OurAirports,
12051,Baruun Urt Airport,,Mongolia,UUN,ZMBU,46.66030121,113.2850037,3205,,,,airport,OurAirports,
12052,Bengbu Airport,Bengbu,China,BFU,ZSBB,32.84773333,117.3202444,100,,,,airport,OurAirports,
12053,Rugao Air Base,Rugao,China,RUG,ZSRG,32.25788498,120.5016556,0,,,,airport,OurAirports,
12054,Wuhu Air Base,Wuhu,China,WHU,ZSWU,31.3906,118.408997,0,,,,airport,OurAirports,
12055,Shanshan Airport,Shanshan,China,SXJ,ZWSS,42.9117012,90.24749756,0,,,,airport,OurAirports,
12056,Yingkou Lanqi Airport,Yingkou,China,YKH,ZYYK,40.542524,122.3586,0,,,,airport,OurAirports,
12057,Shenyang Dongta Airport,Shenyang,China,,ZYYY,41.78440094,123.4960022,0,,,,airport,OurAirports,
13711,Lutselk'e Airport,Lutselk'e,Canada,YSG,CYLK,62.418303,-110.681998,596,,,,airport,OurAirports,
13712,Engeløy Airport,Engeløy,Norway,,ENEN,67.967222,14.9925,0,,,,airport,OurAirports,
13713,Dwangwa Airport,Dwangwa,Malawi,DWA,FWDW,-12.5183,34.131901,1605,,,,airport,OurAirports,
13714,"Paloich Airport, Heliport",Higleig,South Sudan,HGI,HSFA,10.529167,32.500556,1290,,,,airport,OurAirports,
13715,Julian Carroll Airport,Jackson,United States,,KJKL,37.59389877,-83.31729889,1381,,,,airport,OurAirports,
13716,Beaufort MCAS - Merritt Field,Beaufort,United States,,KNBC,32.47740173,-80.72319794,37,,,,airport,OurAirports,
13717,Camp Pendleton MCAS (Munn Field) Airport,Oceanside,United States,,KNFG,33.30130005,-117.3550034,78,,,,airport,OurAirports,
13718,Aerodromo de Castelo Branco,Castelo Branco,Portugal,,LPCB,39.847022,-7.44111,1300,,,,airport,OurAirports,
13719,Ponte de Sor Airport,Ponte de Sôr,Portugal,,LPSO,39.211559,-8.056542,0,,,,airport,OurAirports,
13720,Vilar de Luz Airfield,Maia,Portugal,,LPVL,41.27729,-8.516209,762,,,,airport,OurAirports,
13721,Hard Bargain Airport,,Bahamas,,MYLR,23.011194,-74.905889,0,,,,airport,OurAirports,
13722,Kenebetsu JASDF Airfield,Kenebetsu,Japan,,RJCS,43.425154,144.741354,0,,,,airport,OurAirports,
13723,Augusto Severo Airport,Natal,Brazil,,SBNT,-5.911419868,-35.24769974,169,,,,airport,OurAirports,
13724,Kishangarh Airport,Ajmer,India,KQH,VIKG,26.601473,74.814147,0,,,,airport,OurAirports,
13725,Kannur International Airport,Kannur,India,CNN,VOKN,11.918614,75.547211,330,,,,airport,OurAirports,
13726,Beijing Xijiao Airport,Beijing,China,,ZBBB,39.9608,116.257004,0,,,,airport,OurAirports,
14087,Zabrat Airport,Baku,Azerbaijan,ZXT,UBTT,40.49554222,49.97680664,36,,,,airport,OurAirports,
14088,Bezmer Air Base,Yambol,Bulgaria,JAM,LBIA,42.45489883,26.35219955,509,,,,airport,OurAirports,
14089,Osovtsy Air Base,Byaroza,Belarus,,UMMO,52.55699921,24.88400078,0,,,,airport,OurAirports,
14090,Yuanmou Air Base,Yuanmou,China,YUA,ZPYM,25.73749924,101.8820038,3810,,,,airport,OurAirports,
14091,Changsha Datuopu Airport/AFB,Changsha,China,,ZGCS,28.06889915,112.9580002,170,,,,airport,OurAirports,
14092,Xingcheng Air Base,,China,XEN,ZYXC,40.58029938,120.697998,30,,,,airport,OurAirports,
14093,Lefkoniko Airport,Geçitkale,Cyprus,GEC,LCGK,35.235947,33.724358,146,,,,airport,OurAirports,
14095,Songwe Airport,Mbeya,Tanzania,MBI,HTGW,-8.919942,33.273981,4412,,,,airport,OurAirports,
14096,Kalocsa/Foktő Airport,Kalocsa/Foktő,Hungary,,LHKA,46.549613,18.942421,284,,,,airport,OurAirports,
14097,Bilogai-Sugapa Airport,Sugapa-Papua Island,Indonesia,UGU,WABV,-3.73956,137.031998,7348,,,,airport,OurAirports,
14098,Jakkur Aerodrome,Bengaluru,India,,VOJK,13.07674,77.597645,3013,,,,airport,OurAirports,
14099,Jalal-Abad Airport,Jalal-Abad,Kyrgyzstan,,UAFJ,40.944401,72.977798,2591,,,,airport,OurAirports,
14100,Ramon Airport,Eilat,Israel,ETM,LLER,29.723694,35.011416,288,,,,airport,OurAirports,
14101,Rustaq Airport,Al Masna'ah,Oman,MNH,OORQ,23.640556,57.4875,349,,,,airport,OurAirports,
14102,Laguindingan Airport,Cagayan de Oro City,Philippines,CGY,RPMY,8.612203,124.456496,190,,,,airport,OurAirports,
14103,Kostomuksha Airport,Kostomuksha,Russia,,ULPM,64.61799622,30.68700027,681,,,,airport,OurAirports,
14104,Privolzhskiy Air Base,Astrakhan,Russia,,XRAP,46.396,47.893,-66,,,,airport,OurAirports,
14105,Kubinka Air Base,Kubinka,Russia,,UUMB,55.611695,36.650002,614,,,,airport,OurAirports,
14106,Rogachyovo Air Base,Belaya,Russia,,ULDA,71.61669922,52.47829819,272,,,,airport,OurAirports,
14107,Ulan-Ude East Airport,Ulan Ude,Russia,,XIUW,51.84999847,107.737999,1670,,,,airport,OurAirports,
14108,Krechevitsy Air Base,Novgorod,Russia,,ULLK,58.625,31.38500023,85,,,,airport,OurAirports,
14109,Desierto de Atacama Airport,Copiapo,Chile,CPO,SCAT,-27.26119995,-70.77919769,670,,,,airport,OurAirports,
14110,Melitopol Air Base,Melitopol,Ukraine,,UKDM,46.880001,35.305,0,,,,airport,OurAirports,
10110,Bubaque Airport,Bubaque,Guinea-Bissau,BQE,GGBU,11.29735565,-15.83807945,0,0,N,,airport,OurAirports,
10161,Shobdon Aerodrome,Shobdon,United Kingdom,,EGBS,52.24169922,-2.881109953,318,0,E,,airport,OurAirports,
10744,Newtownards Airport,Newtownards,United Kingdom,,EGAD,54.58110046,-5.691939831,9,0,E,,airport,OurAirports,
10745,Lashenden (Headcorn) Airfield,Headcorn,United Kingdom,,EGKH,51.156898,0.641667,72,0,E,,airport,OurAirports,
10746,Panshanger Aerodrome,Panshanger,United Kingdom,,EGLG,51.80250168,-0.158056006,249,0,E,,airport,OurAirports,
10747,Thurrock Airfield,Thurrock,United Kingdom,,EGMT,51.537505,0.367634,20,0,E,,airport,OurAirports,
10748,Stapleford Aerodrome,Stapleford,United Kingdom,,EGSG,51.65250015,0.155833006,183,0,E,,airport,OurAirports,
10751,Chichester/Goodwood Airport,Goodwood,United Kingdom,QUG,EGHR,50.8594017,-0.759167016,98,0,E,,airport,OurAirports,
12109,Sokodé Airport,Sokode,Togo,,DXSK,8.994275,1.153004,1214,0,U,,airport,OurAirports,
12110,Sansanné-Mango Airport,Mango,Togo,,DXMG,10.37301064,0.471382141,460,0,U,,airport,OurAirports,
13011,[Duplicate] Illertissen see EDMI - ED-0425 location moved out-of-the way,Not Specified,New Zealand,,XXXX,89.5,0.0001,0,0,U,,airport,OurAirports,
13079,Grundarfjörður Airport,Grundarfjordur,Iceland,GUU,BIGF,64.99140167,-23.22470093,17,0,U,,airport,OurAirports,
13106,Tórshavn/Bodanes Heliport,Torshavn,Faroe Islands,,EKTB,62.02170181,-6.757420063,68,0,E,,airport,OurAirports,
13114,RAF Mona,Mona,United Kingdom,,EGOQ,53.258598,-4.37355,202,0,E,,airport,OurAirports,
13180,St. Helena Airport,Longwood,United Kingdom,HLE,FHSH,-15.957725,-5.645943,1017,0,U,,airport,OurAirports,
13212,Odienne Airport,Odienne,Cote d'Ivoire,KEO,DIOD,9.5,-7.566999912,1365,0,U,,airport,OurAirports,
13214,Siguiri Airport,Siguiri,Guinea,GII,GUSI,11.43299961,-9.166999817,1296,0,N,,airport,OurAirports,
13215,Nzérékoré Airport,Nzerekore,Guinea,NZE,GUNZ,7.806019306,-8.701797485,1657,0,N,,airport,OurAirports,
13268,Blaise Diagne International Airport,Diass,Senegal,DSS,GOBD,14.67,-17.073333,290,0,N,,airport,OurAirports,
13460,Kolda North Airport,Kolda,Senegal,KDA,GODK,12.89850044,-14.96809959,33,0,N,,airport,OurAirports,
13683,Fazenda São Nicolau Airport,COTRIGUACU,Brazil,,SWQT,-9.864443779,-58.22916794,738,0,U,,airport,OurAirports,
13771,Kirkjubæjarklaustur Airport,Kirkjubaejarklaustur ,Iceland,,BIKL,63.79079819,-18.00139999,66,0,N,,airport,OurAirports,
13802,Klaksvik Heliport,Klaksvik,Faroe Islands,,EKKV,62.21784973,-6.576454639,263,0,E,,airport,OurAirports,
297,Niamtougou International Airport,Niatougou,Togo,LRL,DXNG,9.76733017,1.091249943,1515,0,N,Africa/Lome,airport,OurAirports,
298,Lomé-Tokoin Airport,Lome,Togo,LFW,DXXX,6.165609837,1.254510045,72,0,N,Africa/Lome,airport,OurAirports,
248,Kotoka International Airport,Accra,Ghana,ACC,DGAA,5.6051898,-0.166786,205,0,N,Africa/Accra,airport,OurAirports,
249,Tamale Airport,Tamale,Ghana,TML,DGLE,9.557189941,-0.863214016,553,0,N,Africa/Accra,airport,OurAirports,
250,Wa Airport,Wa,Ghana,,DGLW,10.08269978,-2.507689953,1060,0,N,Africa/Accra,airport,OurAirports,
251,Sunyani Airport,Sunyani,Ghana,NYI,DGSN,7.361830235,-2.328759909,1014,0,N,Africa/Accra,airport,OurAirports,
252,Takoradi Airport,Takoradi,Ghana,TKD,DGTK,4.89605999,-1.774760008,21,0,N,Africa/Accra,airport,OurAirports,
5556,Kumasi Airport,Kumasi,Ghana,KMS,DGSI,6.714560032,-1.590819955,942,0,N,Africa/Accra,airport,OurAirports,
1081,Ziguinchor Airport,Ziguinchor,Senegal,ZIG,GOGG,12.5556,-16.281799,75,0,N,Africa/Dakar,airport,OurAirports,
1082,Cap Skirring Airport,Cap Skiring,Senegal,CSK,GOGS,12.39533,-16.748,52,0,N,Africa/Dakar,airport,OurAirports,
1083,Kaolack Airport,Kaolack,Senegal,KLC,GOOK,14.14690018,-16.05130005,26,0,N,Africa/Dakar,airport,OurAirports,
1084,Léopold Sédar Senghor International Airport,Dakar,Senegal,DKR,GOOY,14.73970032,-17.49020004,85,0,N,Africa/Dakar,airport,OurAirports,
1085,Saint Louis Airport,St. Louis,Senegal,XLS,GOSS,16.05080032,-16.46319962,9,0,N,Africa/Dakar,airport,OurAirports,
1086,Bakel Airport,Bakel,Senegal,BXE,GOTB,14.84729958,-12.46829987,98,0,N,Africa/Dakar,airport,OurAirports,
1087,Kédougou Airport,Kedougou,Senegal,KGG,GOTK,12.57229996,-12.22029972,584,0,N,Africa/Dakar,airport,OurAirports,
1088,Tambacounda Airport,Tambacounda,Senegal,TUD,GOTT,13.73680019,-13.65310001,161,0,N,Africa/Dakar,airport,OurAirports,
7442,Ouro Sogui Airport,Matam,Senegal,MAX,GOSM,15.59360027,-13.32279968,85,0,U,Africa/Dakar,airport,OurAirports,
1044,Modibo Keita International Airport,Bamako,Mali,BKO,GABS,12.5335,-7.94994,1247,0,N,Africa/Bamako,airport,OurAirports,
1045,Gao Airport,Gao,Mali,GAQ,GAGO,16.24839973,-0.005456,870,0,N,Africa/Bamako,airport,OurAirports,
1046,Kayes Dag Dag Airport,Kayes,Mali,KYS,GAKY,14.48120022,-11.40439987,164,0,N,Africa/Bamako,airport,OurAirports,
1047,Mopti Airport,Mopti,Mali,MZI,GAMB,14.51280022,-4.079559803,906,0,N,Africa/Bamako,airport,OurAirports,
1048,Timbuktu Airport,Tombouctou,Mali,TOM,GATB,16.73049927,-3.007580042,863,0,N,Africa/Bamako,airport,OurAirports,
1049,Tessalit Airport,Tessalit,Mali,,GATS,20.24300003,0.977307975,1621,0,N,Africa/Bamako,airport,OurAirports,
7941,Bougouni Airport,Bougouni,Mali,,GABG,11.44999981,-7.517000198,1139,0,N,Africa/Bamako,airport,OurAirports,
8816,Newnan Hospital Heliport,Bengassi,Mali,,GA46,33.38090134,-84.8010025,960,0,N,Africa/Bamako,airport,OurAirports,
9850,Sikasso Airport,Sikasso,Mali,KSS,GASK,11.33300018,-5.699999809,1378,0,N,Africa/Bamako,airport,OurAirports,
1050,Banjul International Airport,Banjul,Gambia,BJL,GBYD,13.3380003,-16.6522007,95,0,N,Africa/Banjul,airport,OurAirports,
1060,Cufar Airport,Cufar,Guinea-Bissau,,GGCF,11.28789997,-15.18050003,65,0,N,Africa/Bissau,airport,OurAirports,
5665,Osvaldo Vieira International Airport,Bissau,Guinea-Bissau,OXB,GGOV,11.89480019,-15.65369987,129,0,N,Africa/Bissau,airport,OurAirports,
596,Cork Airport,Cork,Ireland,ORK,EICK,51.84130096,-8.491109848,502,0,E,Europe/Dublin,airport,OurAirports,
597,Galway Airport,Galway,Ireland,GWY,EICM,53.30020142,-8.941590309,81,0,E,Europe/Dublin,airport,OurAirports,
599,Dublin Airport,Dublin,Ireland,DUB,EIDW,53.421299,-6.27007,242,0,E,Europe/Dublin,airport,OurAirports,
600,Ireland West Knock Airport,Connaught,Ireland,NOC,EIKN,53.91030121,-8.818490028,665,0,E,Europe/Dublin,airport,OurAirports,
601,Kerry Airport,Kerry,Ireland,KIR,EIKY,52.18090057,-9.523779869,112,0,E,Europe/Dublin,airport,OurAirports,
602,Casement Air Base,Casement,Ireland,,EIME,53.30170059,-6.451330185,319,0,E,Europe/Dublin,airport,OurAirports,
603,Shannon Airport,Shannon,Ireland,SNN,EINN,52.702,-8.92482,46,0,E,Europe/Dublin,airport,OurAirports,
604,Sligo Airport,Sligo,Ireland,SXL,EISG,54.28020096,-8.599209785,11,0,E,Europe/Dublin,airport,OurAirports,
605,Waterford Airport,Waterford,Ireland,WAT,EIWF,52.18719864,-7.086959839,119,0,E,Europe/Dublin,airport,OurAirports,
5577,Donegal Airport,Dongloe,Ireland,CFN,EIDL,55.0442009,-8.340999603,30,0,E,Europe/Dublin,airport,OurAirports,
5578,Weston Airport,Leixlip,Ireland,,EIWT,53.35219955,-6.48611021,150,0,E,Europe/Dublin,airport,OurAirports,
6421,Inishmore Aerodrome,Inis Mor,Ireland,IOR,EIIM,53.1067009,-9.653610229,24,0,U,Europe/Dublin,airport,OurAirports,
6422,Connemara Regional Airport,Indreabhan,Ireland,NNR,EICA,53.2303009,-9.467780113,70,0,U,Europe/Dublin,airport,OurAirports,
7030,Inisheer Aerodrome,Inisheer,Ireland,INQ,EIIR,53.06470108,-9.510899544,40,0,E,Europe/Dublin,airport,OurAirports,
7468,Inishmaan Aerodrome,Inishmaan,Ireland,IIA,EIMN,53.0929985,-9.568059921,15,0,U,Europe/Dublin,airport,OurAirports,
8683,Newcastle Aerodrome,Newcastle,Ireland,,EINC,53.07109833,-6.04527998,1,0,E,Europe/Dublin,airport,OurAirports,
8698,Bantry Aerodrome,Bantry,Ireland,BYT,EIBN,51.66859818,-9.48416996,7,0,E,Europe/Dublin,airport,OurAirports,
499,Jersey Airport,Jersey,Jersey,JER,EGJJ,49.207901,-2.195509911,277,0,E,Europe/Jersey,airport,OurAirports,
1616,Alverca Air Base,Alverca,Portugal,AVR,LPAR,38.883301,-9.0301,11,0,E,Europe/Lisbon,airport,OurAirports,
1618,Bragança Airport,Braganca,Portugal,BGC,LPBG,41.8578,-6.70713,2241,0,E,Europe/Lisbon,airport,OurAirports,
1619,Beja Airport / Airbase,Beja (madeira),Portugal,BYJ,LPBJ,38.078899,-7.9324,636,0,E,Europe/Lisbon,airport,OurAirports,
1620,Braga Municipal Aerodrome,Braga,Portugal,BGZ,LPBR,41.58710098,-8.445139885,247,0,E,Europe/Lisbon,airport,OurAirports,
1621,Aerodromo Municipal de Coimbra,Coimba,Portugal,,LPCO,40.158758,-8.470815,587,0,E,Europe/Lisbon,airport,OurAirports,
1622,Cascais Airport,Cascais,Portugal,CAT,LPCS,38.724998,-9.35523,325,0,E,Europe/Lisbon,airport,OurAirports,
1623,Coimbra Hospital Covões Heliport,Covilha,Portugal,,LPCV,40.194812,-8.460207,265,0,E,Europe/Lisbon,airport,OurAirports,
1624,Évora Airport,Evora,Portugal,,LPEV,38.533501,-7.88964,807,0,E,Europe/Lisbon,airport,OurAirports,
1626,Faro Airport,Faro,Portugal,FAO,LPFR,37.01440048,-7.965909958,24,0,E,Europe/Lisbon,airport,OurAirports,
1630,Monte Real Air Base,Monte Real,Portugal,QLR,LPMR,39.828335,-8.8875,187,0,E,Europe/Lisbon,airport,OurAirports,
1631,Montijo Air Base,Montijo,Portugal,,LPMT,38.703899,-9.03592,46,0,E,Europe/Lisbon,airport,OurAirports,
1632,Ovar Air Base,Ovar,Portugal,,LPOV,40.915901,-8.64592,56,0,E,Europe/Lisbon,airport,OurAirports,
1635,Portimão Airport,Portimao,Portugal,PRM,LPPM,37.1493,-8.58396,5,0,E,Europe/Lisbon,airport,OurAirports,
1636,Francisco de Sá Carneiro Airport,Porto,Portugal,OPO,LPPR,41.24810028,-8.681389809,228,0,E,Europe/Lisbon,airport,OurAirports,
1637,Porto Santo Airport,Porto Santo,Portugal,PXO,LPPS,33.07339859,-16.35000038,341,0,E,Europe/Lisbon,airport,OurAirports,
1638,Humberto Delgado Airport (Lisbon Portela Airport),Lisbon,Portugal,LIS,LPPT,38.7813,-9.13592,374,0,E,Europe/Lisbon,airport,OurAirports,
1640,Sintra Air Base,Sintra,Portugal,,LPST,38.8311,-9.33955,440,0,E,Europe/Lisbon,airport,OurAirports,
1641,Tancos Airbase,Tancos,Portugal,,LPTN,39.475101,-8.36458,266,0,E,Europe/Lisbon,airport,OurAirports,
1642,Vila Real Airport,Vila Real,Portugal,VRL,LPVR,41.2743,-7.72047,1805,0,E,Europe/Lisbon,airport,OurAirports,
1643,Aerodromo Goncalves Lobato (Viseu Airport),Viseu,Portugal,VSE,LPVZ,40.725498,-7.88899,2060,0,E,Europe/Lisbon,airport,OurAirports,
4091,Madeira Airport,Funchal,Portugal,FNC,LPMA,32.697899,-16.7745,192,0,E,Europe/Lisbon,airport,OurAirports,
7542,São Jacinto Airport,Aveiro,Portugal,,LPAV,40.656741,-8.741544,26,0,E,Europe/Lisbon,airport,OurAirports,
465,Belfast International Airport,Belfast,United Kingdom,BFS,EGAA,54.65750122,-6.215829849,268,0,E,Europe/London,airport,OurAirports,
466,St Angelo Airport,Enniskillen,United Kingdom,ENK,EGAB,54.39889908,-7.651669979,155,0,E,Europe/London,airport,OurAirports,
467,George Best Belfast City Airport,Belfast,United Kingdom,BHD,EGAC,54.61809921,-5.872499943,15,0,E,Europe/London,airport,OurAirports,
468,City of Derry Airport,Londonderry,United Kingdom,LDY,EGAE,55.0428009,-7.161109924,22,0,E,Europe/London,airport,OurAirports,
469,Birmingham International Airport,Birmingham,United Kingdom,BHX,EGBB,52.45389938,-1.748029947,327,0,E,Europe/London,airport,OurAirports,
470,Coventry Airport,Coventry,United Kingdom,CVT,EGBE,52.36970139,-1.479719996,267,0,E,Europe/London,airport,OurAirports,
471,Leicester Airport,Leicester,United Kingdom,,EGBG,52.60779953,-1.031939983,469,0,E,Europe/London,airport,OurAirports,
472,Gloucestershire Airport,Golouchestershire,United Kingdom,GLO,EGBJ,51.89419937,-2.167220116,101,0,E,Europe/London,airport,OurAirports,
474,Wolverhampton Halfpenny Green Airport,Halfpenny Green,United Kingdom,,EGBO,52.51750183,-2.259439945,283,0,E,Europe/London,airport,OurAirports,
475,Cotswold Airport,Pailton,United Kingdom,GBA,EGBP,51.668095,-2.05694,433,0,E,Europe/London,airport,OurAirports,
476,Turweston Airport,Turweston,United Kingdom,,EGBT,52.04079819,-1.095559955,448,0,E,Europe/London,airport,OurAirports,
477,Wellesbourne Mountford Airport,Wellesbourne,United Kingdom,,EGBW,52.19219971,-1.614439964,159,0,E,Europe/London,airport,OurAirports,
478,Manchester Airport,Manchester,United Kingdom,MAN,EGCC,53.35369873,-2.274950027,257,0,E,Europe/London,airport,OurAirports,
479,Manchester Woodford Airport,Woodfort,United Kingdom,,EGCD,53.3381,-2.14889,295,0,E,Europe/London,airport,OurAirports,
480,Royal Marines Base Chivenor Airport,Chivenor,United Kingdom,,EGDC,51.08720016,-4.15034008,27,0,E,Europe/London,airport,OurAirports,
481,Newquay Cornwall Airport,Newquai,United Kingdom,NQY,EGHQ,50.44060135,-4.995409966,390,0,E,Europe/London,airport,OurAirports,
482,RAF Lyneham,Lyneham,United Kingdom,LYE,EGDL,51.5051,-1.99343,513,0,E,Europe/London,airport,OurAirports,
483,MoD Boscombe Down Airport,Boscombe Down,United Kingdom,,EGDM,51.15219879,-1.747410059,407,0,E,Europe/London,airport,OurAirports,
484,RNAS Culdrose,Culdrose,United Kingdom,,EGDR,50.08610153,-5.255710125,267,0,E,Europe/London,airport,OurAirports,
485,MoD St. Athan,St. Athan,United Kingdom,,EGDX,51.4048,-3.43575,163,0,E,Europe/London,airport,OurAirports,
486,RNAS Yeovilton,Yeovilton,United Kingdom,YEO,EGDY,51.00939941,-2.638819933,75,0,E,Europe/London,airport,OurAirports,
487,Haverfordwest Airport,Haverfordwest,United Kingdom,HAW,EGFE,51.83309937,-4.961110115,159,0,E,Europe/London,airport,OurAirports,
488,Cardiff International Airport,Cardiff,United Kingdom,CWL,EGFF,51.39670181,-3.343329906,220,0,E,Europe/London,airport,OurAirports,
489,Swansea Airport,Swansea,United Kingdom,SWS,EGFH,51.6053009,-4.067830086,299,0,E,Europe/London,airport,OurAirports,
490,Bristol Airport,Bristol,United Kingdom,BRS,EGGD,51.382702,-2.71909,622,0,E,Europe/London,airport,OurAirports,
491,Liverpool John Lennon Airport,Liverpool,United Kingdom,LPL,EGGP,53.33359909,-2.849720001,80,0,E,Europe/London,airport,OurAirports,
492,London Luton Airport,London,United Kingdom,LTN,EGGW,51.87469864,-0.368333012,526,0,E,Europe/London,airport,OurAirports,
493,Plymouth City Airport,Plymouth,United Kingdom,PLH,EGHD,50.422798,-4.10583,476,0,E,Europe/London,airport,OurAirports,
494,Bournemouth Airport,Bournemouth,United Kingdom,BOH,EGHH,50.77999878,-1.842499971,38,0,E,Europe/London,airport,OurAirports,
495,Southampton Airport,Southampton,United Kingdom,SOU,EGHI,50.95029831,-1.35679996,44,0,E,Europe/London,airport,OurAirports,
496,Lasham Airport,Lasham,United Kingdom,QLA,EGHL,51.18719864,-1.033499956,618,0,E,Europe/London,airport,OurAirports,
500,Shoreham Airport,Shoreham By Sea,United Kingdom,ESH,EGKA,50.835602,-0.297222,7,0,E,Europe/London,airport,OurAirports,
501,London Biggin Hill Airport,Biggin Hill,United Kingdom,BQH,EGKB,51.3307991,0.032499999,598,0,E,Europe/London,airport,OurAirports,
502,London Gatwick Airport,London,United Kingdom,LGW,EGKK,51.148102,-0.190278,202,0,E,Europe/London,airport,OurAirports,
503,London City Airport,London,United Kingdom,LCY,EGLC,51.505299,0.055278,19,0,E,Europe/London,airport,OurAirports,
504,Farnborough Airport,Farnborough,United Kingdom,FAB,EGLF,51.2757988,-0.776332974,238,0,E,Europe/London,airport,OurAirports,
505,Chalgrove Airport,Chalsgrove,United Kingdom,,EGLJ,51.67610168,-1.080829978,240,0,E,Europe/London,airport,OurAirports,
506,Blackbushe Airport,Blackbushe,United Kingdom,BBS,EGLK,51.32389832,-0.847500026,325,0,E,Europe/London,airport,OurAirports,
507,London Heathrow Airport,London,United Kingdom,LHR,EGLL,51.4706,-0.461941,83,0,E,Europe/London,airport,OurAirports,
508,Southend Airport,Southend,United Kingdom,SEN,EGMC,51.57139969,0.695555985,49,0,E,Europe/London,airport,OurAirports,
509,Lydd Airport,Lydd,United Kingdom,LYX,EGMD,50.95610046,0.939167023,13,0,E,Europe/London,airport,OurAirports,
510,Kent International Airport,Manston,United Kingdom,MSE,EGMH,51.342201,1.34611,178,0,E,Europe/London,airport,OurAirports,
511,Brough Airport,Brough,United Kingdom,,EGNB,53.7197,-0.566333,12,0,E,Europe/London,airport,OurAirports,
512,Carlisle Airport,Carlisle,United Kingdom,CAX,EGNC,54.9375,-2.809170008,190,0,E,Europe/London,airport,OurAirports,
513,Retford Gamston Airport,Repton,United Kingdom,,EGNE,53.2806015,-0.951389015,91,0,E,Europe/London,airport,OurAirports,
514,Blackpool International Airport,Blackpool,United Kingdom,BLK,EGNH,53.77170181,-3.028609991,34,0,E,Europe/London,airport,OurAirports,
515,Humberside Airport,Humberside,United Kingdom,HUY,EGNJ,53.57440186,-0.350832999,121,0,E,Europe/London,airport,OurAirports,
516,Barrow Walney Island Airport,Barrow Island,United Kingdom,BWF,EGNL,54.1286111,-3.2675,173,0,E,Europe/London,airport,OurAirports,
517,Leeds Bradford Airport,Leeds,United Kingdom,LBA,EGNM,53.86589813,-1.660570025,681,0,E,Europe/London,airport,OurAirports,
518,Warton Airport,Warton,United Kingdom,WRT,EGNO,53.745098,-2.88306,55,0,E,Europe/London,airport,OurAirports,
519,Hawarden Airport,Hawarden,United Kingdom,CEG,EGNR,53.17810059,-2.977780104,45,0,E,Europe/London,airport,OurAirports,
521,Newcastle Airport,Newcastle,United Kingdom,NCL,EGNT,55.03749847,-1.691669941,266,0,E,Europe/London,airport,OurAirports,
522,Durham Tees Valley Airport,Teesside,United Kingdom,MME,EGNV,54.50920105,-1.429409981,120,0,E,Europe/London,airport,OurAirports,
523,East Midlands Airport,East Midlands,United Kingdom,EMA,EGNX,52.83110046,-1.328060031,306,0,E,Europe/London,airport,OurAirports,
524,Llanbedr Airport,Llanbedr,United Kingdom,,EGOD,52.81169891,-4.123579979,30,0,E,Europe/London,airport,OurAirports,